{"valid_acc": 4.285714285714286, "_timestamp": 1658336950, "_runtime": 1971, "_step": 1, "loss": 3.3120789527893066, "correct": 25.0, "_wandb": {"runtime": 2026}}